{
  "linear_regression": {
    "mae": 183924.02711760587,
    "rmse": 386776.2969350266,
    "r2": 0.4043268799815588
  },
  "random_forest": {
    "mae": 1694.8363957919605,
    "rmse": 6601.034203934628,
    "r2": 0.9998264948912349
  },
  "xgboost_or_gbm": {
    "mae": 2430.23030087817,
    "rmse": 5826.501772500411,
    "r2": 0.9998648226069944
  },
  "best_model": {
    "name": "xgboost_or_gbm",
    "r2": 0.9998648226069944
  }
}